lá.naturaleza,la naturaleza
130.¿montevideo.|,130 montevideo
15belmonte,15 belmonte
193cultivo,193 cultivo
.248¿asucultivo,248 a su cultivo
33elmonte,33 el monte
375naturaleza,375 naturaleza
3o.jmontesa,3oj montesa
4-americas,4 americas
4cultivo,4 cultivo
40.—monterey,40 monterey
4078-monte-pio,4078 monte pio
4087.monte,4087. monte
5.montes,5. montes
6-monterias,6 monterias
áesto,a esto
áexaminarel,a examinar el
alanaturaleza,a la naturaleza
álaperfona,a la persona
alos,a los
anaturaleza,a naturaleza
aquienes,a quienes
aser,a ser
atierra,a tierra
aasnaturaleza,aas naturaleza
abaxo,abajo
abandonadode,abandonado de
abaftecer,abastecer
abiertamonte,abiertamente
abiſmo,abismo
abifmo,abismo
abiſmos,abismos
abifmos,abismos
-abifmos,abismos
aborrescidos,aborrecidos
abporrezca,aborrezca
abreun,abre un
abrilde,abril de
absolutmonte,absolutamente
ablolucamonte,absolutamente
abfoluramente,absolutamente
absolutamonte,absolutamente
abíolutamonte,absolutamente
¿abundancia,abundancia
fabundancia,abundancia
abundanciad,abundancia
cabundancia,abundancia
'abundancia,abundancia
abundanciaj,abundancia
mabundancia,abundancia
abunabundancia,abundancia
wabundancia,abundancia
-abundancia,abundancia
.abundancia,abundancia
habundancia,abundancia
¡abundancia,abundancia
labundancia,abundancia
'abundancia-,abundancia
abundancia.1,abundancia 1
abundancia.6,abundancia 6
abundancia.7ai,abundancia 7ai
'abundanciacria,abundancia cria
abundanciaide,abundancia de
abundancia-de,abundancia de
abundanciaode,abundancia de
abundanciade,abundancia de
abundanciade~,abundancia de
abundancia-del,abundancia del
abundancia.dice,abundancia dice
abundanciaé,abundancia e
abundanciaén,abundancia en
abundancia.en,abundancia en
abundancia-en,abundancia en
abundancia'frutas,abundancia frutas
abundancia.havia,abundancia habia
abundancia.la,abundancia la
abundanciale,abundancia le
abundanciali,abundancia li
abundancia.mismaexcitaria,abundancia misma excitaria
abundanciaó,abundancia o
abundanciaque,abundancia que
abundancia.de,abundancia que
abundancia.—su,abundancia su
abundancia.su,abundancia su
abundancia.sus,abundancia sus
abundancia-to-,abundancia to
abundanciatodo,abundancia todo
abundancia-y,abundancia y
abundancia.y,abundancia y
abundanciay,abundancia y
abundancia.yr,abundancia yr
abundancialen,abundancial en
-abundancias,abundancias
abundancia5,abundancias
abundanciaz,abundancias
abundanciasaunque,abundancias aunque
abundanciazde,abundancias de
accarrean,acarrean
acafo,acaso
aceyte,aceite
azeyte,aceite
aceytes,aceites
acclera,acelera
acclerado,acelerado
azelerados,acelerados
acorde3,acorde
acortarie,acortarle
aetual,actual
actoalmonte,actualmente
actuslmonte,actualmente
actuaimonte,actualmente
actualmonte,actualmente
aquario,acuario
aquatico,acuatico
aquofo,acuoso
acusassen,acusasen
adequadamente,adecuadamente
adelaritamientos,adelantamientos
adelantandofe,adelantandose
ademasdel,ademas del
addicioncilla,adicioncilla
addiciones,adiciones
adminiffracion,administracion
adminiſtran,administran
adminiftran,administran
adornado.elegantemonte,adornado elegantemente
aduterio,adulterio
adyertirlo,advertirlo
afeetacion,afectacion
afloxan,aflojan
agregacio,agregacion
agua.es,agua es
aguaceroscuando,aguaceros cuando
aguardillado,aguardillado
aguijar,aguijar
aora,ahora
ayre,aire
ayres,aires
agenos,ajenos
alcardenal,al cardenal
al'cultivo,al cultivo
alicultivo,al cultivo
al-cultivo,al cultivo
al.cultivo,al cultivo
almesde,al mes de
al.monte,al monte
al-monte,al monte
ialmonte,al monte
almonte,al monte
.al'monte,al monte
alpie,al pie
alarmontes,alarmantes
alcanzasse,alcanzase
algien,alguien
algurstiempo,algun tiempo
algua,alguna
algunatierra,alguna tierra
algunastierras,algunas tierras
algunoque,alguno que
algunosmontes,algunos montes
alianzalobre,alianza sobre
alimonte,alimento
allitoda,alli toda
alternavivanmonte,alternativamente
altissima,altisima
altissimo,altisimo
amanescio,amanecio
amargamonte,amargamente
-america-,america
america=,america
'america,america
.america,america
america.——,america
america~,america
americad,america
¿america,america
¡america,america
america_,america
famerica,america
america|,america
america-,america
america.—,america
america=-,america
america-|paciones,america -|paciones
"america,1",america 1
america.1,america 1
"¡america,203",america 203
americaa,america a
damerica-acualquiera,america a cualquiera
america.como,america como
america¿qual,america cual
america.—diario,america diario
americadurante,america durante
americae,america e
america.el,america el
america.—el,america el
america-en,america en
america.es,america es
america.estadosunidps,america estados unidos
americagordá,america gorda
americahasson,america hasson
americainferiremos,america inferiremos
america-inglefa,america inglesa
america.jejííoí,america jejííoí
¡¿americal,america l
americala,america la
america.la,america la
america.los,america los
americamas¡está,america mas esta
americaque,america que
americarivs.||viabia,america rivs viabia
america.=se,america se
america-sep-,america sep
americanseptentrional,america septentrional
america-septentrionals,america septentrional
america-septentrienal,america septentrional
america-septentrional,america septentrional
americaseptemtrional,america septentrional
america-septeatrionals,america septentrional
america-septentrivnal,america septentrional
america-sectentrional,america septentrional
¡americaun-templo,america un templo
americava,america va
americay,america y
americaiespaña,america y españa
americaya,america ya
americayí,america yi
americangrass,american grass
-americana,americana
americanai,americana
americama,americana
americaga,americana
americaña,americana
americana.—-,americana
americaria,americana
americaoa,americana
americaba,americana
americains,americana
americana-,americana
¿americana,americana
americama.=,americana
americanca,americana
americana—,americana
americasa-,americana
americapa,americana
americana-aratan,americana aratan
americana—nada,americana nada
¡americanas,americanas
americanasz,americanas
americanas-,americanas
americañas,americanas
americagas,americanas
americamas,americanas
americanás,americanas
americarras,americanas
americanas.—,americanas
americazas,americanas
americanas.°,americanas
americaras,americanas
¿americanas,americanas
americatas,americanas
americanas.1,americanas 1
americanazde=,americanas de
americanasharáu,americanas haráu
americanoe,americano
americauo,americano
americanc,americano
americapo,americano
lamericano,americano
-americano,americano
americane,americano
americato,americano
americaño,americano
americatio,americano
americand,americano
¡americano,americano
americano-,americano
americanot,americano
americamg,americano
americang,americano
americaio,americano
¿americano,americano
¿americanó,americano
.americano,americano
americavo,americano
americanp,americano
americaro,americano
americafio,americano
americao,americano
americañio,americano
americaho,americano
americago,americano
americanog,americano
americaao,americano
americarió,americano
americaoo,americano
americanq,americano
americamo,americano
americano.—,americano
americanoá,americano a
americano'ca-,americano ca
americano.ccocerae,americano ccocerae
americano.=cepero,americano cepero
wamericano-con,americano con
americanodetafioduo,americano detafioduo
americano-ha,americano ha
americanoó,americano o
americanoque,americano que
americanoáque,americano que
americavo.r,americano r
americano.r,americano r
americanoresumen,americano resumen
americano.sz,americano sz
americano.=x,americano x
americano._.ya,americano ya
americanoss,americanos
americaaos,americanos
americaios,americanos
'americanós,americanos
|—americanos,americanos
.americanos,americanos
americahos,americanos
americayos,americanos
americalos,americanos
americallos,americanos
americasos,americanos
americaros,americanos
america11os,americanos
americands,americanos
americanos—,americanos
americanos-,americanos
americafos,americanos
americagos,americanos
americarfos,americanos
americants,americanos
americancis,americanos
americanós,americanos
americangs,americanos
americauos,americanos
-americanos,americanos
lamericanos,americanos
americanos.—,americanos
americaués,americanos
americavos,americanos
americanes,americanos
americamos,americanos
americatios,americanos
americazos,americanos
america1os,americanos
americapos,americanos
americanoz,americanos
americaggs,americanos
americaños,americanos
americanos¿,americanos
¿americanos,americanos
americanss,americanos
americawos,americanos
americanon,americanos
americancs,americanos
¡americanos,americanos
americaiios,americanos
famericanos,americanos
americanosí,americanos
americator,americanos
americanosa,americanos a
americanosá,americanos a
americanioscerda.l,americanos cerda l
americanos.dei,americanos del
americanos.-—el,americanos el
americanos-españoles,americanos españoles
americanosilustrados,americanos ilustrados
americanosno,americanos no
americanosserán,americanos seran
americanossin,americanos sin
americanos-unidos,americanos unidos
¡americas,americas
americaf,americas
americaz,americas
¿americas,americas
-americas,americas
americazcomo,americas como
americasi55,americas i55
americazpero,americas pero
americastiene,americas tiene
americaz.y,americas y
americasy,americas y
amplamente,ampliamente
amplitad,amplitud
ána,ana
anglo-america-,angloamerica
anglo-america—,angloamerica
anglo—americana,angloamericana
glo-americana,angloamericana
atiglo-americana,angloamericana
auglo-americana,angloamericana
aoglo-americana,angloamericana
nglo-americana,angloamericana
anglo-americana,angloamericana
angla-americanas,angloamericanas
anvlo-americanos,angloamericanas
anglo-americanas,angloamericanas
anglo+americanas,angloamericanas
anglo-americanizemos,angloamericanicemos
anglo.americano,angloamericano
anglo-americano,angloamericano
-anglo-americano,angloamericano
amglo-americano,angloamericano
glo-americano,angloamericano
auglamericano,angloamericano
anglo-americanaó,angloamericano
anglciiamericanos,angloamericanos
anzlo-americaros,angloamericanos
anglo=americanos,angloamericanos
añplo-americanos,angloamericanos
angloamericartos,angloamericanos
¡anglo-americanos,angloamericanos
anglo-americanos,angloamericanos
anglo-americatios,angloamericanos
anglo-americaoos,angloamericanos
anglo-americamos,angloamericanos
-anglo-americanes,angloamericanos
ánglo-americanos,angloamericanos
anglo—americanos,angloamericanos
apglo-americanos,angloamericanos
glo-americamos,angloamericanos
eglo-americanos,angloamericanos
aagloamericanos,angloamericanos
glo-americanos,angloamericanos
"anglo-americanos,798i",angloamericanos 798i
anglosamericas,angloamericas
antagoniitas,antagonistas
antagoniftas,antagonistas
anterionmonte,anteriormente
anieriormonte,anteriormente
anteriormonte,anteriormente
anteriórmonte,anteriormente
antj-americana,antiamericana
anti-americanos,antiamericanos
anrticipada,anticipada
anticipadamonte,anticipadamente
antiguamonte,antiguamente
antigue,antiguo
annualmonte,anualmente
anuncianotras,anuncian otras
aparecerla,aparecerla
apareciessen,apareciesen
aparentepara,aparente para
apenasseanuncióporunfriopasagero,apenas se anuncio por un frio pasajero
apoealypsi,apocalipsis
aquelmonte,aquel monte
aquelmontecillo,aquel montecillo
aquellasabundan.losreglamentosdesanidad,aquellas abundan. los reglamentos de sanidad
aquellasalturas,aquellas alturas
aquiel,aqui el
araron,araron
arenofos,arenosos
arraſtrada,arrastrada
arojandose,arrojandose
arrucadas,arrucadas
arteriofo,arterioso
artificiosque,artificios que
assegura,asegura
assegurados,asegurados
assegurame,asegurame
asseguraron,aseguraron
afleguro,aseguro
asseveradas,aseveradas
afsi,asi
assi,asi
asimonte,asi monte
assiento,asiento
afsiento,asiento
aſsimiſmo,asimismo
assistencias,asistencias
asombrosamonte,asombrosamente
afpera,aspera
assumpto,asunto
assusta,asusta
atheniense,ateniense
atmontera,atmosfera
atraxo,atrajo
atribuvo,atribuyo
atrozmonte,atrozmente
'-auinaturaleza,aui naturaleza
aumonten,aumenten
anque,aunque
autordel,autor del
ausilio,auxilio
abanzado,avanzado
averiguarselacausa,averiguarse la causa
.ayamonte,ayamonte
¡ayamonte,ayamonte
ayamonte.==,ayamonte
aade,añade
ao,año
anos,años
aos,años
añosha,años ha
anños.—monte-,años monte
bacalaoamericano,bacalao americano
bacalaoamericanodesegunda,bacalao americano de segunda
bacallao'en,bacalao en
bayle,baile
baxa,baja
baxaba,bajaba
baixada,bajada
baxala,bajala
baxan,bajan
baxando,bajando
baxar,bajar
baxo,bajo
bancospúblicos,bancos publicos
bápidamonte,bapidamente
barcos.americanos,barcos americanos
bardode,bardo de
baftante,bastante
baſtantemonte,bastantemente
hastantemente,bastantemente
bastantemonte,bastantemente
baos,baños
be-montevideo,be montevideo
betmonte,belmonte
bclmonte,belmonte
beímonte,belmonte
balmonte,belmonte
|belmonte,belmonte
belmonte.-,belmonte
¡belmonte,belmonte
belmonte.—aprobado,belmonte aprobado
belmonteida,belmonte ida
beneficio.de,beneficio de
benignamonte,benignamente
bergantin.americano,bergantin americano
befa,besa
befaba,besaba
befada,besada
befas,besas
befos,besos
vilbao,bilbao
biliofas,biliosas
bonitamonte,bonitamente
bosqueciilo,bosquecillo
bosquexará,bosquejara
bosquejo.el,bosquejo el
bosquess,bosques
bosques-de,bosques de
bosques-que'se,bosques que se
bosquesy,bosques y
bracamontesde,bracamontes de
bretaa,bretaña
bravemonte,brevemente
briofamente,briosamente
buenporte,buen porte
buenacalidad,buena calidad
c¡monte,c monte
cmonte,c monte
cavallera,caballera
cavallero,caballero
cavallerokinigli,caballero kinigli
cavallo,caballo
cavallos,caballos
cabernos,cabernos
cabezaenvenganza,cabeza en venganza
cabo-montes,cabo montes
cachillos.dé.monte,cachillos de monte
caffé,cafe
cafrede,cafre de
caftel-novo-monte,caftel novo monte
cayro,cairo
caxa,caja
caxadel,caja del
caxones,cajones
kalendario,calendario
callede,calle de
calledeilamonterae,calle de la montera e
campechemontevideo,campeche montevideo
cantao,cantado
capazde,capaz de
capo-di-monte,capo di monte
carcteristica,caracteristica
cartaacordada,carta acordada
cártade,carta de
carthesiano,cartesiano
caſa,casa
casa.de,casa de
cafas,casas
quasi,casi
cafta,casta
castro=monte,castro monte
cathedra,catedra
cathedrático,catedratico
catiente=la-monteras,catiente la monteras
caudaloſo,caudaloso
caufa,causa
caufadas,causadas
cauſadas,causadas
caufas,causas
cauſas,causas
cauar,cavar
zelo,celo
zelosos,celosos
ccena,cena
cenóbia,cenobia
censvra,censura
centro—america,centroamerica
centro-america,centroamerica
certambien,cer tambien
cercbro,cerebro
cerragerosyotros,cerrajeros y otros
cesariamonte,cesariamente
chilofas,chilosas
cianecessita,cia necesita
ciegámonte,ciegamente
cicrtamonte,ciertamente
ciertamonte,ciertamente
ciertemonte,ciertamente
ciertosministros,ciertos ministros
cynantbropia,cinantropia
cynanthropia,cinantropia
circulardado,circular dado
circunferenciaz,circunferencias
circunstfncias,circunstancias
clatamonte,claramente
cleramonte,claramente
claraimonte,claramente
claramonte,claramente
ciaramonte,claramente
clémonte,clemente
clemonte,clemente
cocncra,cochera
coleetivamente,colectivamente
colombiamaravillas,colombia maravillas
colomna,columna
comedacion,comendacion
comonterios,comentarios
comission,comision
eomo,como
comofe,como se
comotambien,como tambien
comodamonte.—p,comodamente
compaía,compañia
companiade,compañia de
completimonte,completamente
completamonte,completamente
compietamonte,completamente
comprehenda,comprenda
comprehende,comprende
comprehenden,comprenden
comprehendidos,comprendidos
comprehendiendo,comprendiendo
comprehendo,comprendo
comprehensible,comprensible
comprehension,comprension
compreision,compresion
comprefsion,compresion
compression,compresion
comprimirfe,comprimirse
compuefta,compuesta
compueſta,compuesta
compuefto,compuesto
compuelto,compuesto
compufo,compuso
comunicandofe,comunicandose
contabundancia,con abundancia
con.abundancia,con abundancia
cconzabundancia,con abundancia
con-abundancia,con abundancia
comwabundancias,con abundancias
condiftintosnombres,con distintos nombres
congrandes,con grandes
conla,con la
con'la,con la
conlashuertas,con las huertas
con-monte,con monte
conorden,con orden
conuna,con una
concabidadeshafta,concabidades hasta
concebirme,concebirme
conceptootracosa,concepto otra cosa
concillase,concillase
conclufior,conclusion
concufiones,concusiones
condenſa,condensa
condicones,condiciones
condicionesque,condiciones que
conduetos,conductos
conduxo,condujo
confessarle,confesarle
confessarse,confesarse
confession,confesion
confiadissimos,confiadisimos
confianzadel,confianza del
confirmafe,confirmase
conficto,conflicto
congrega.dilata,congrega dilata
eonmigo,conmigo
conocidamonte,conocidamente
conoscido,conocido
conoscidos,conocidos
consequencia,consecuencia
consecuen,consecuencia
conseqiiencia,consecuencia
.conservacion,conservacion
¡conservacion,conservacion
¿conservacion,conservacion
conservacion.=,conservacion
vconservacion,conservacion
confervacion,conservacion
'conservacion,conservacion
i_conservacion,conservacion
sconservacion,conservacion 
-conservacion,conservacion 
conservacion.|cido,conservacion cido
conservacion-de,conservacion de
conservacion.de,conservacion de
conservacionsde,conservacion de
conservacion.de-,conservacion de
conservacion.—dios,conservacion dios
conservacion.—el,conservacion el
conservacion-les,conservacion les
conservacion.no,conservacion no
conservacion'sé,conservacion se
conservacion-un_,conservacion un
conservaciony,conservacion y
conservacion.y,conservacion y
considerablemonte,considerablemente
confiderables,considerables
confideraciohes,consideraciones
conſiderando,considerando
confiderando,considerando
confiderare,considerare
confta,consta
conftan,constan
constansemonte,constantemente
constantemen,constantemente
constantemonte,constantemente
cbnstantinopla,constantinopla
gónstitucion,constitucion
constitucio,constitucion
conftitucion,constitucion
costitucion,constitucion
constituy,constituye
conftruccion,construccion
conftrucciones,construcciones
contruido,construido
consulesy,consules y
conſumo,consumo
contaren,contaran
continuamonte,continuamente
conlinuamonte,continuamente
contralas,contra las
combidados,convidados
convidándole,convidandole
conviertenel,convierten el
conviniefle,conviniese
corazan,corazon
cotazon,corazon
corpuftulos,corpusculos
correetivo,correctivo
correfponde,corresponde
correponde,corresponde
corresponden.v,corresponden
correfponden,corresponden
correſpondientes,correspondientes
cortadomas,cortado mas
cortede,corte de
corles,cortes
cofa,cosa
cofafinoen,cosa sino en
cofas,cosas
coſas,cosas
cofastan,cosas tan
coſta,costa
coſtas,costas
coftofa,costosa
coftumbre,costumbre
ereemos,creemos
creſpo,crespo
christiana,cristiana
christiandad,cristiandad
christiano,cristiano
christianos,cristianos
quaderno,cuaderno
quadernos,cuadernos
quadra,cuadra
quadradas,cuadradas
quadrado,cuadrado
quadrados,cuadrados
quadrante,cuadrante
quadras,cuadras
quaxaban,cuajaban
quaxan,cuajan
qual,cual
qualhablo,cual hablo
cualun,cual un
quales,cuales
qualesquiera,cualesquiera
qualidad,cualidad
qualidades,cualidades
qualquizr,cualquier
cuaquier,cualquier
qualquier,cualquier
qualquiera,cualquiera
cualquiiera,cualquiera
qualquiera.naturaleza,cualquiera naturaleza
quando,cuando
quandp,cuando
cuando.realmonte,cuando realmente
quanta,cuanta
quantas,cuantas
quantp,cuanto
quanto,cuanto
quantos,cuantos
quarenta,cuarenta
quanrenta,cuarenta
quarta,cuarta
quartel,cuartel
cuartelesde,cuarteles de
quarto,cuarto
quiarto,cuarto
quatro,cuatro
quatrocientos,cuatrocientos
quenta,cuenta
cuerpode,cuerpo de
cueſta,cuesta
cueſtas,cuestas
cueftas,cuestas
question,cuestion
queftion,cuestion
questiones,cuestiones
cuyde,cuide
culpandolas,culpandolas
cultivael,cultiva el
¡cultivo,cultivo
.cultivo,cultivo
cultivo-,cultivo
-cultivo,cultivo
cultivoc,cultivo
¿cultivo,cultivo
cultivo-4c,cultivo -4c
cultivo-5,cultivo -5
cultivo.480,cultivo .480
cultivo.il,cultivo .il
cultivo.p,cultivo .p
cultivo.1,cultivo 1
cultivo.—4.2'¿qué,cultivo 4.2 ¿ qué
cultivo46,cultivo 46
cultivo'absor-,cultivo absor
cultivo.—al,cultivo al
cultivocdeinfinitas,cultivo c de infinitas
cultivo.—de,cultivo de
cultivorde,cultivo de
cultivode,cultivo de
cultivo.de,cultivo de
cultivo-del-,cultivo del
cultivo-del,cultivo del
cultivodel,cultivo del
cultivodezess,cultivo dezess
cultivoen,cultivo en
cultivo.en,cultivo en
cultivomas,cultivo mas
cultivo.np,cultivo np
cultivo-ocho,cultivo ocho
cultivoque,cultivo que
cultivo'que,cultivo que
cultivo.que,cultivo que
¿-cultivor,cultivo r
cultivorde.fas,cultivo rde.fas
cultivo'se,cultivo se
cultivo'tan,cultivo tan
cultivoy,cultivo y
cultivo-y,cultivo y
cultivoyy,cultivo y
cultivoz,cultivos
¡cultivos,cultivos
cultivoss,cultivos
cultivosseconoce,cultivos se conoce
cuyaqualidadsecambiaconlaluz,cuya cualidad se cambia con la luz
cuyoencargoporlos,cuyo encargado por los
descasez,d escasez
d.josémontesyricárte,d jose montes y ricarte
darabundancia,dar abundancia
daos,daños
de.abundancia,de abundancia
de'abundancia,de abundancia
deabundancia,de abundancia
devabundancia,de abundancia
de'america,de america
deaquellos,de aquellos
de-ayámonte,de ayamonte
de-ayamonte,de ayamonte
decalamidad,de calamidad
decinco,de cinco
decriftales,de cristales
debcultivo,de cultivo
de'escasez,de escasez
de.escasez,de escazes
deescribano,de escribano
de.eſta.naturaleza,de esta naturaleza
deeste,de este
defrsncia,de francia
dela,de la
delaabundancia,de la abundancia
delaabundanciade,de la abundancia de
de-la.-escasez,de la escasez
delasgavelas,de la gavelas
de'la'montera,de la montera
de-lainaturaleza,de la naturaleza
de-la-naturaleza,de la naturaleza
delanegociacion,de la negociacion
delas,de las
delos,de los
demantenerfe,de mantenerse
de-monte,de monte
de-monte-alegres,de monte alegres
de-montebello,de montebello
de'montellana,de montellana
de'montenegro,de montenegro
de.montero,de montero
demonterrey,de monterrey
.de-montes,de montes
de.montes,de montes
de\montesa,de montesa
de-montevideo,de montevideo
de-montevideg,de montevideo
de'montevideo,de montevideo
demontevideo,de montevideo
demuy,de muy
denaturaleza,de naturaleza
de-naturaleza,de naturaleza
de-naturaleza'contra=,de naturaleza contra
denaturalezas,de naturalezas
denuestra,de nuestra
depafto,de pasto
deperla,de perla
de-sobremonte,de sobremonte
de-tal-naturalezas,de tal naturalezas
detantoslaureles,de tantos laureles
detodos,de todos
detranfito,de transito
deuna,de una
debaxo,debajo
devera,debera
debidaeconomia,debida economia
debidamonte,debidamente
débuimonte,debilmente
declaracíoa,declaracion
decoyanaturaleza,decoya naturaleza
defeetuola,defectuosa
defensorxs,defensores
definitivamonte,definitivamente
defindtutmonte,definitivamente
dexa,deja
dexaba,dejaba
dexada,dejada
dexado,dejado
dexando,dejando
dexar,dejar
dexare,dejare
dexaria,dejaria
dexe,deje
dexo,dejo
dexó,dejo
delcampo,del campo
dclcaltillo,del castillo
delqual,del cual
del-cultivo,del cultivo
delcultivo,del cultivo
deldia,del dia
delinfante,del infante
del-monte,del monte
del'-monte,del monte
¿delmonte,del monte
del.montepío,del monte pio
del-monte-pio,del monte pio
del-monteque-,del montegue
¡¡delremedio,del remedio
delsacromonte,del sacromonte
delviage,del viaje
deleyte,deleite
delícultivo,deli cultivo
¿delgmonte,delmonte
deímontes,delmontes
demasobras,demas obras
demasiadamonte,demasiadamente
demonftrar,demonstrar
.demonte,demonte
demostrativamonte,demostrativamente
demuetra,demuestra
denloque,den lo que
denſa,densa
deoda_naturaleza-,deoda naturaleza
deprimirlos,deprimirlos
dereho,derecho
defahogadero,desahogadero
desayrado,desairado
defalentar,desalentar
desalojandole,desalojandole
desparecido,desaparecido
defatinadamonte,desatinadamente
defcanfo,descanso
descaradamonte,descaradamente
desconoci\u00e9ndonos,desconociendonos
descubjertamonte,descubiertamente
defcubierto,descubierto
descubtiere,descubriere
defcubrimiento,descubrimiento
defcuyda,descuida
defcuydo,descuido
deſde,desde
defdelasventanas,desde las ventanas
deseariayo,desearia yo
delembocar,desembocar
desengao,desengaño
defignaldad,designaldad
dcfigual,desigual
deligual,desigual
defigual,desigual
defigualdad,desigualdad
deslarnaturalezas,deslar naturalezas
desmontendome,desmontandome
desmonte.,desmonte
defmonte,desmonte
deſmonte,desmonte
-desmontes,desmontes
deſmontes,desmontes
de8montes,desmontes
defmontes,desmontes
desmontez,desmontes
desmontes|no,desmontes no
deſpacio,despacio
defpoblacion,despoblacion
defpoblacionde,despoblacion de
defpobladas,despobladas
defpojada,despojada
desprecioen,desprecio en
defpues,despues
espues,despues
delpues,despues
destacaraento,destacamento
deftruyendo,destruyendo
defvanecido,desvanecido
deſvelos,desvelos
detevidamonte,detenidamente
determinanda,determinada
determinada.naturaleza,determinada naturaleza
dgual-naturaleza,dgual naturaleza
di-monte5,di montes
d1a,dia
diajte,dia se
diariamonte,diariamente
dialtole,diastole
diaitole,diastole
diaftolc,diastole
diaftole,diastole
dicho.americano,dicho americano
dichosamonte,dichosamente
deras,dieras
dierenpor,dieren por
difici,dificil
dificilmonte,dificilmente
di\u00e1cultad,dificultad
dificultoso=monte-por-la,dificultosamente por la
dificultosissima,dificultosisima
dificultoſos,dificultosos
dignamonte,dignamente
dixera,dijera
dixeron,dijeron
dixese,dijese
djxese,dijese
dixo,dijo
dilatadamonte,dilatadamente
diosobjeto,dios objeto
diputacienes,diputaciones
deputado,diputado
dirijen,dirigen
descernir,discernir
diicurrir,discurrir
discurs,discurso
desfrutaron,disfrutaron
difgregan,disgregan
diſminuido,disminuido
diflolver,disolver
difponer,disponer
diſpoſiciones,disposiciones
difpufo,dispuso
diipufo,dispuso
diſtancia,distancia
diltanciadelos,distancia de los
diſtantes,distantes
diftantesprovincias,distantes provincias
diftemperan,distemperan
diftinguen,distinguen
diſtinguen,distinguen
diitinta,distinta
distribuyenlos,distribuyenlos
diffueltas,disueltas
diverlascarreteras,diversas carreteras
diverfos,diversos
dividualmonte,dividualmente
divifible,divisible
divicion,division
divifiones,divisiones
dootor,doctor
doetor,doctor
doetrina,doctrina
dodne,donde
dondeesuno,donde es uno
dondefe,donde se
dosamericanag,dos americanas
dosgaleras,dos galeras
dudablemonte,dudablemente
dudassen,dudasen
dueos,duenos
ducño,dueño
duquea,duque a
duquehaga,duque haga
econservacion,e conservacion
ecclesiastico,eclesiastico
eclefiaftico,eclesiastico
eclypfe,eclipse
oſectivamonte,efectivamente
efeco,efecto
efeclo,efecto
efeeto,efecto
elicazmonte,eficazmente
eficazamonte,eficazmente
eficazmentosbuah,eficazmente sbuah
executado,ejecutado
executan,ejecutan
executandolo,ejecutandolo
executandoſecon,ejecutandose con
executarel,ejecutar el
executara,ejecutara
executaron,ejecutaron
executarse,ejecutarse
ejecutarselas,ejecutarselas
egecutase,ejecutase
execute,ejecute
egecutivo,ejecutivo
executó,ejecuto
executor,ejecutor
exemplar,ejemplar
egemplares,ejemplares
exemplo,ejemplo
exemple,ejemplo
eexemplos,ejemplos
exerce,ejerce
exércicio,ejercicio
exercicio,ejercicio
exercita,ejercita
exercitacion,ejercitacion
exérdto,ejercito
exercito,ejercito
egercito,ejercito
exército,ejercito
elarribo,el arribo
elañode,el año de
elbreve,el breve
elcaffé,el cafe
elcapitulo,el capitulo
elcuydado,el cuidado
élcultivo,el cultivo
elicultivo,el cultivo
el-cultivo,el cultivo
él.cultivo,el cultivo
el.cultivo,el cultivo
el'cultivo,el cultivo
el.cultivo-,el cultivo
elcultivo,el cultivo
eldebido,el debido
eldia,el dia
elenunciado,el enunciado
elgobierno,el gobierno
elispano-americano'|,el hispanoamericano
elinteres,el interes
elmédicoá,el medico a
elmismo,el mismo
monteyro,el monte
eimonte,el monte
el.monte,el monte
elmonte,el monte
el-monte,el monte
iemonte,el monte
el'monte,el monte
eloleo,el oleo
elpartido,el partido
el'piamonte,el piamonte
elrey,el rey
eltrafico,el trafico
elatticidad,elasticidad
electivamonte,electivamente
elejir,elegir
elemonte,elemento
clla,ella
ellosdomiciliados,ellos domiciliados
ellostraen,ellos traen
eln-americana,eln americana
eloquentes,elocuentes
eloquentissimo,elocuentisimo
elogiosdela,elogios de la
embaxador,embajador
embaxadots,embajadores
empeñeld-americañó,empeñeld americano
empleaen,emplea en
emprego,empleo
emprehender,emprender
en'abundancia,en abundancia
en.abundancia,en abundancia
en-abundancia,en abundancia
enabundancia,en abundancia
én-america,en america
.£n.america,en america
en-bosques,en bosques
encaso,en caso
en-cultivo,en cultivo
enel,en el
enelcanon,en el canon
en-elimonte,en el monte
en-el-monte,en el monte
enfrancia,en francia
enfrentede,en frente de
enla,en la
enla'america,en la america
enlaamerica,en la america
enla.conservacion,en la conservacion
enlas,en las
enlos,en los
enlosdelas,en los de las
en'los'montes,en los montes
en.montes,en montes
ensu,en su
enfunaturaleza,en su naturaleza
entodas,en todas
encargarfe,encargarse
encontró.han,encontro han
enquanto,encuanto
eneuentran,encuentran
endrgicamonte,energicamente
enero.ayamonte,enero ayamonte
engano,engaño
engao,engaño
enganos,engaños
engañoſa,engañosa
engolillados,engolillados
enfancha,ensancha
ensaios,ensayos
¡enterumonte,enteramente
emteramonte,enteramente
enteramonte,enteramente
enterraremossu,enterraremos su
eatierran,entierran
entences,entonces
entraable,entrañable
entraas,entrañas
entre-las,entre las
entregoal,entrego al
embia,envia
embiava,enviaba
embiauan,enviaban
enviadoamericano,enviado americano
embiar,enviar
embiafe,enviase
embiafen,enviasen
invidia,envidia
embidiosos,envidiosos
embolvia,envolvia
embuelven,envuelven
epitheto,epiteto
eraprodigiofa,era prodigiosa
erradamonte,erradamente
esde,es de
esla,es la
efianaturaleza,es la naturaleza
esmonte,es monte
esmuy,es muy
esnueftro,es nuestro
essa,esa
efcabrofa,escabrosa
efcabrofos,escabrosos
escasamonte,escasamente
escasezes,escaseces
escasez-,escasez
escasezn,escasez
—escasez,escasez
sescasez,escasez
-escasez,escasez
.escasez,escasez
'escasez,escasez
¡escasez,escasez
escasez.1,escasez 1
escaseza,escasez a
'escasezban,escasez ban
escasezode,escasez de
escasez-de,escasez de
escasez-dé,escasez de
escasezode-,escasez de
escasezde,escasez de
escasez.de,escasez de
escaseze,escasez e
escasezhaoe,escasez haoe
escasezlleva,escasez lleva
escasezque,escasez que
escasez-que,escasez que
escasissimo,escasisimo
_escasez,escazes
escasez.actual,escazes actual
escasezo,escazez o
esceptivasolamonte,esceptiva solamente
efclavos,esclavos
efcogidolos,escogidos los
efcolatticos,escolasticos
efcolta,escolta
efcondido,escondido
efcondidos,escondidos
escrivió,escribio
escrivio,escribio
efquadra,escuadra
esquadra,escuadra
eſcuela,escuela
esejconservacion,esej conservacion
efpherica,esferica
effo,eso
effos,esos
eſpacio,espacio
efpacio,espacio
eſpacioſo,espacioso
efpaiia,españa
efpana,españa
espaari,españa
espana,españa
efpaña,españa
eſpaña,españa
espaaeie,españa
espaa,españa
espaade,españa de
espaol,español
español-americano,español americano
cspañol-americano,español americano
espaola,española
espanola,española
espaiioles,españoles
españñoles,españoles
espaoles,españoles
españoles-america,españoles america
españoles-americanos,españoles americanos
efpecial,especial
elpecial,especial
efpecialidad,especialidad
especialissima,especialisima
esijecialmonte,especialmente
especralmonte,especialmente
especialmonte,especialmente
¡especialmonte,especialmente
especialmonte.enc,especialmente .enc
efpecie,especie
efpecies,especies
especulativamonte,especulativamente
esperolo,espero lo
efpiritu,espiritu
efpiritual,espiritual
efpirirus,espiritus
efpiritus,espiritus
efpiritos,espiritus
espoutaneamonte,espontaneamente
espontáncamonte,espontaneamente
espontíncamonte,espontaneamente
espontádeamonte,espontaneamente
espontáneamonte,espontaneamente
elta,esta
efta,esta
eſta,esta
esta.abundancia,esta abundancia
eltaforma,esta forma
estalengua,esta lengua
westa.naturalezaz,esta naturaleza
eftanaturaleza,esta naturaleza
estanaturaleza,esta naturaleza
eſtanaturalezadebe,esta naturaleza debe
eftaparte,esta parte
estasuperabundancia,esta superabundancia
eſtablecidas,establecidas
eftablecimientodela,establecimiento de la
eftableció,establecio
eſtaciones,estaciones
eftado,estado
etado,estado
estadode,estado de
estadosamericanos,estados americanos
esradosisuramericanos,estados suramericanos
eſtamos,estamos
eftan,estan
eſtán,estan
.estar,estar
eftas,estas
efte,este
eſte,este
este.cultivo,este cultivo
este-cultivo,este cultivo
esteesunárbolqueno,este es un arbol que no
estemontecillo,este montecillo
eftimacion,estimacion
eftos,estos
eſtos,estos
eftosiurerminablesmontes,estos iurerminables montes
estos.montes,estos montes
eltrechar,estrechar
eſtrecho,estrecho
estrictamonte,estrictamente
estruetura,estructura
éternize,eternice
ethiopia,etiopia
europaentera,europa entera
evidentemonte,evidentemente
evitadoen,evitado en
exaítamonte,exactamente
exactumonte,exactamente
exáctamonte,exactamente
exactamonte,exactamente
exatas,exactas
exactásyyquela,exactas y que la
exepcion,excepcion
escesivamente,excesivamente
escesivamonte,excesivamente
excesso,exceso
esclusivamente,exclusivamente
esclusivamonte,exclusivamente
escluyesen,excluyesen
essempto,exento
essemptos,exentos
existimo,existimos
espedicion,expedicion
espediente,expediente
experimenten.escasez,experimenten escasez
esposicion,exposicion
expressa,expresa
expressadas,expresadas
espresadas,expresadas
expressados,expresados
esprezamonte,expresamente
espresamonte,expresamente
espresamente,expresamente
expreflarán,expresaran
exprefsé,exprese
espresion,expresion
expression,expresion
expreísion,expresion
expressiones,expresiones
expulgarlo,expulgarlo
estendido,extendido
estensamonte,extensamente
extenfion,extension
extersion,extension
extenſiva,extensiva
eſtiende,extiende
extrahian,extraian
extrahido,extraido
extraxo,extrajo
extrajudicialmonte,extrajudicialmente
estrajudicialmonte,extrajudicialmente
extrangera,extranjera
extrangeras,extranjeras
estrangeras,extranjeras
estrangero,extranjero
extrangero,extranjero
etrangero,extranjero
estranjero,extranjero
cstrangero,extranjero
eftrangeros,extranjeros
extrangeros,extranjeros
estrangeros,extranjeros
extraordinariamonte,extraordinariamente
exiraordivariamonte,extraordinariamente
éstraórdinarias,extraordinarias
extraycnte,extrayente
estraa,extraña
estrañandolo,extrañandolo
esteemadamonte,extremadamente
fabricartodos,fabricar todos
ficlmonte,facilmente
fecilmonte,facilmente
facilmonte,facilmente
f.cilmonte,facilmente
fectiblemente,factiblemente
fagaz.naturaleza,fagaz. naturaleza
faltannos,faltamos
familic.—montes,familic montes
famofos,famosos
phariseos,fariseos
felipepermitiendo,felipe permitiendo
felizicultivo,feliz i cultivo
felizmonte,felizmente
pbenomeno,fenomeno
fibrofidad,fibrosidad
fievre,fiebre
fielmonte,fielmente
fiefta,fiesta
fieftas,fiestas
fixa,fija
fixaban,fijaban
fixado,fijado
fixados,fijados
fixo,fijo
philofo,filoso
philosoficamente,filosoficamente
philosopho,filosofo
philosofos,filosofos
fína,fina
finalmonte,finalmente
finamonte,finamente
fimámonte,finamente
firmemonte,firmemente
phyſico,fisico
physicos,fisicos
phisiologia,fisiologia
floxas,flojas
floxo,flojo
floxos,flojos
fomenxviicultivo,fomenxvii cultivo
formadoun,formado un
formarmonte,formalmente
forzosamonte,forzosamente
fragataamericaña,fragata americana
francomonte,francamente
francamonte,francamente
franceſes,franceses
franci,francia
franciſco,francisco
frequencia,frecuencia
frequenta,frecuenta
frequente,frecuente
frecueniemonte,frecuentemente
frequentemente,frecuentemente
frequentes,frecuentes
fueronrecibidas,fueron recibidas
fueseálamuerte,fuese a la muerte
fuessen,fuesen
fugadel,fuga del
fugitibos,fugitivos
fugitiuos,fugitivos
funcioñ,funcion
"galeotas,8c.00",galeotas 8c.00
galo-hispano-americano-revolucionario,galo hispanoamericano revolucionario
galo-americanos,galoamericanos
gañador,ganador
gantin-anglo-americano,gantin angloamericano
gaftarán,gastaran
gaſto,gasto
\gata-americana,gata americana
gazetero,gazetero
gctarigualmonte,gctar igualmente
gcelatinosa,gelatinosa
jeneral,general
jeneral-montecristi,general montecristi
generulmonte,generalmente
generalimonte,generalmente
generalmonte,generalmente
gencralmonte,generalmente
generosamonte,generosamente
generosidad.americanas,generosidad americanas
gentilesy,gentiles y
gentilhombrede,gentilhombre de
giandulas,glandulas
glo-americanosseentregan,glo americanos se entregan
gloriosacampaa,gloriosa campaña
governador,gobernador
gobernador—monte-,gobernador monte
bernador==montemayor,gobernador montemayor
gobernador.——montemayor,gobernador montemayor
gobernador.=montemayor,gobernador montemayor
gobernador——montemayor,gobernador montemayor
gobernador.—=montemayor,gobernador montemayor
gobernadwr==montemayor,gobernador montemayor
-gobernadormontes,gobernador montes
governarla,gobernarla
goviernan,gobiernan
goberno,gobierno
gobierim,gobierno
gobieruo,gobierno
gubierno,gobierno
gubiernos,gobiernos
governandoel,governando el
gozogritando,gozo gritando
gratulamonte,gradualmente
gian,gran
gran.escasez,gran escasez
grannaturaleza,gran naturaleza
grandefundamento,grande fundamento
grandesu,grande su
graluitamonte,gratuitamente
gravemonte,gravemente
gravissimos,gravisimos
grueiia,gruesa
gruefla,gruesa
grueſlo,grueso
guarda-monte,guardamonte
guarda-montes,guardamontes
buardamontes,guardamontes
gueira,guerra
gueuara,guevara
ha-aumentado.nolablemonte,ha aumentado notablemente
hacantado,ha cantado
hahecho,ha hecho
hallegado,ha llegado
harecibido,ha recibido
aver,haber
havia,habia
havian,habian
havido,habido
haviendo,habiendo
hawiendo,habiendo
habilesmedicos,habiles medicos
habilesministros,habiles ministros
hobitualmonte,habitualmente
hablaua,hablaba
hablavan,hablaban
hablauan,hablaban
hablafe,hablase
habloque,hablo que
havra,habra
avraabundancia,habra abundancia
havrian,habrian
hacequaudo,hace cuando
hazer,hacer
azia,hacia
acia,hacia
hazienda,hacienda
halla.abundancia,halla abundancia
hantenido,han tenido
hafta,hasta
hassta,hasta
haſta,hasta
hastaque,hasta que
ay,hay
hayentreel,hay entre el
hayymontes,hay montes
hay.pariedad,hay pariedad
hayamonte,haya monte
ayan,hayan
hemontenido,he mantenido
hecho.naturaleza,hecho naturaleza
hicierenlas,hicieren las
hicieronun,hicieron un
hydropbobia,hidrofobia
hydropbobos,hidrofobos
hypothelis,hipotesis
hyporhefis,hipotesis
hypotheles,hipotesis
bispana-americana,hispanoamericana
hispano-americana,hispanoamericana
hispano-americanas,hispanoamericanas
bispano-americamn,hispanoamericano
hispano-americano,hispanoamericano
hispano-americanes,hispanoamericanos
hispano-americanos,hispanoamericanos
hixo,hizo
hizocontra,hizo contra
olanda,holanda
hóíanda,holanda
honbres,hombres
hoftilidad,hostilidad
hoſtilidades,hostilidades
oy,hoy
huviera,hubiera
huviere,hubiere
huviese,hubiese
ubiesen,hubiesen
huvo,hubo
humagidad,humanidad
iabundancia,i abundancia
imontesa,i montesa
ideatheorica,idea teorica
ienaturaleza,ie naturaleza
¡gual,igual
igual193,igual
agualmonte,igualmente
iguaimonte,igualmente
igualmonte,igualmente
iguolmonte,igualmente
igaalmonte,igualmente
ilufion,ilusion
imparciál1,imparcial
imparcialmonte,imparcialmente
impenerzablesmontes,impenerzables montes
impardonable,imperdonable
imperfoctamonte,imperfectamente
imperfeeto,imperfecto
imperiosamonte,imperiosamente
impetuofa,impetuosa
mmpetuosa,impetuosa
impwrtacion,importacion
impression,impresion
impreſsiones,impresiones
impressos,impresos
impuefto,impuesto
impueftos,impuestos
impueitos,impuestos
impulfo,impulso
impunemonte,impunemente
inadyertencia,inadvertencia
incesantemonte,incesantemente
incluyemas,incluye mas
incomparablemonte,incomparablemente
inctemeñto,incremento
indefectiblemonte,indefectiblemente
indefeitiblemente,indefectiblemente
indefeltiblemente,indefectiblemente
indépendeiicixamericaia,independencia americana
independenciade,independencia de
indignamonte,indignamente
indirectamonte,indirectamente
iudistintamonte,indistintamente
indíviduiís,individuos
induvitablemonte,induvitablemente
infuliblemonte,infaliblemente
infantedon,infante don
infinitamonte,infinitamente
influxo,influjo
informontes,informantes
infrequencia,infrecuencia
ingeniero.americano,ingeniero americano
ingenioſo,ingenioso
ígltterra,inglaterra
inglefas,inglesas
inglefes,ingleses
ingreffode,ingreso de
incitativas,iniciativas
iiunediatamonte,inmediatamente
immediatamonte,inmediatamente
jmmeliatamonte,inmediatamente
¿nmediaamonte,inmediatamente
iumediatamonte,inmediatamente
inmediotamonte,inmediatamente
inmedidtimonte,inmediatamente
inmediatamonte,inmediatamente
inmedagramonte,inmediatamente
inmedieramontecde-,inmediatamente de
inmortalmontesquieu,inmortal montesquieu
innocente,inocente
inquiriesse,inquiriese
inseetos,insectos
infeparable,inseparable
infignes,insignes
insigniadelavictoria,insignia de la victoria
infinuado,insinuado
inipiracion,inspiracion
inftruido,instruido
inftrumento,instrumento
inſultos,insultos
intercession,intercesion
interessados,interesados
interior.en,interior en
interiormonte,interiormente
intermifsion,intermision
interiaamonte,internamente
introrduxo,introdujo
introduxo,introdujo
inutilmonte,inutilmente
inyencion,invencion
ivernaderodelas,invernadero de las
inviolablemonte,inviolablemente
inyisibles,invisibles
invitacion.—americanos,invitacion americanos
inyoluntariamonte,involuntariamente
isidro.montero,isidro montero
ltalia,italia
ltaliano,italiano
itadiano,italiano
iwiescasez,iwi escasez
ja-naturalezad.todp,ja naturaleza dtodp
deahita,jablunka
jacmonteras,jac monteras
janamerica,jan america
jasabundancia,jas abundancia
geíe,jefe
gefe,jefe
geíes,jefes
gefes,jefes
jerrtál'abundancia,jerrtál abundancia
jerufalen,jerusalen
jjabundancia,jj abundancia
jvan,juan
judicialmonte,judicialmente
juyzio,juicio
juntamonte,juntamente
jurisdiction,jurisdiccion
juatamonte,justamente
justemonte,justamente
justamonte,justamente
jnstamonte,justamente
kamerica,k america
ja,la
ia,la
lavabundancia,la abundancia
laabundancia,la abundancia
la.abundancia,la abundancia
tabundancia,la abundancia
jabundancia,la abundancia
jaabundancia,la abundancia
ja'abundancia,la abundancia
larabundancia,la abundancia
la-abundancia,la abundancia
laabundancia.de,la abundancia de
lavabundanciaso,la abundancia so
la'america,la america
la.america.=,la america
jaamerica,la america
la-america,la america
ja_america,la america
la/america,la america
laamerica,la america
la.america,la america
laamerica.y,la america y
jaamericazy.en,la america y en
labuena,la buena
lacampahade,la campaña de
lacarga,la carga
lacarta,la carta
lacondicion,la condicion
laconocen,la conocen
laconservacion,la conservacion
jaconservacion,la conservacion
la.conservacion,la conservacion
lavconservacion,la conservacion
la-conservacion,la conservacion
ja-conservacion,la conservacion
la/conservacion,la conservacion
la'conservacion,la conservacion
la.conservacion.de,la conservacion de
lacorte,la corte
ladefgracia,la desgracia
ladisminuyen,la disminuyen
ladifpoficion,la disposicion
laeleccion,la eleccion
laescasez,la escasez
la+escasez,la escasez
lajescasez,la escasez
_la'escasez-,la escasez
la'escasez,la escasez
la-escasez-,la escasez
iaescasez,la escasez
la.escasez,la escasez
laguatniciouy,la guarnicion y
laitalia,la italia
lamas,la mas
lamenor,la menor
lamonte,la monte
lamonte-,la monte
la'¡monte-,la monte
la'montera,la montera
la'monterz,la montera
la¿montera,la montera
la'monteta,la montera
la-montera,la montera
lamontera,la montera
la.montera,la montera
jámontera,la montera
la®montera,la montera
ja.montera,la montera
la.montez,la montes
ianaturaleza,la naturaleza
la¡naturaleza,la naturaleza
la-naturaleza,la naturaleza
la=naturaleza,la naturaleza
la/naturaleza,la naturaleza
ja.naturaleza,la naturaleza
ja-naturaleza,la naturaleza
latnaturaleza,la naturaleza
lanaturaleza1,la naturaleza
lanaturaleza,la naturaleza
larnaturaleza,la naturaleza
lamnaturaleza,la naturaleza
la.naturaleza,la naturaleza
lacnaturaleza,la naturaleza
laonaturaleza,la naturaleza
la'naturaleza,la naturaleza
janaturaleza,la naturaleza
lanaturalezaayudar,la naturaleza ayudar
lanaturalezaide,la naturaleza de
lanaturalezaobserya,la naturaleza observa
lanueva,la nueva
laprimera,la primera
laprofperidad,la prosperidad
larefolucion,la resolucion
laretencion,la retencion
lasuperabundancia,la superabundancia
-latierra:2,la tierra
.la-tierra,la tierra
la-tierra'vitrificable,la tierra vitrificable
lamentariamonte,lamentariamente
largamonte,largamente
larguissimo,larguisimo
jas,las
las.iiáiacionesf4¡p9monte,las .iiáiacionesf4¡p9 monte
lasamerica,las america
las.americanas,las americanas
lasconversacioones,las conversaciones
laslluvias,las lluvias
lasmas,las mas
las.monterías,las monterias
lasnaturaleza,las naturaleza
lasordenes,las ordenes
lasprincipales,las principales
lasque,las que
las.relaciones'de,las relaciones de
lasrepúblicasamericanas,las republicas americanas
lastierras.de-monte-,las tierras de monte
jechuga,lechuga
legalmonte,legalmente
lejislativo,legislativo
legítiniamonte,legitimamente
lexos,lejos
liquores,licores
limitacio,limitacion
linage,linaje
llista,lista
llamericanos,ll americanos
llevainherente,lleva inherente
llevadomuy,llevado muy
lleyar,llevar
llevarunos,llevar unos
ío,lo
lo-americano,lo americano
lodemonte,lo de monte
lomismo,lo mismo
loque,lo que
lomaen,loma en
lomillos,lomillos
longirud,longitud
jos,los
losamontes,los amantes
losamericanos,los americanos
lostamericanos,los americanos
lezamericanos,los americanos
josamericanos,los americanos
los.americanos,los americanos
lossamericanos,los americanos
.los.bosques,los bosques
losbosques,los bosques
loscedros,los cedros
lesquales,los cuales
losqualesios,los cuales los
losdesmontes,los desmontes
loaefectos,los efectos
loseaados,los estados
losexcrementos,los excrementos
loshabitantes,los habitantes
losgefes,los jefes
losmas,los mas
los.montes,los montes
los-smontes,los montes
los'montes,los montes
iosmontes,los montes
ios-montes,los montes
los-montes,los montes
losimontes,los montes
losmontes,los montes
lossantos,los santos
losseres,los seres
lossefiores,los señores
lostres,los tres
lu'montefe-,lu montese
luzesque,luces que
luis'delmonte,luis del monte
luxo,lujo
.mabirecientemonte,mabi recientemente
maeſtro,maestro
macstro,maestro
mastro,maestro
mageftad,majestad
magestad,majestad
magestuosamonte,majestuosamente
¡malamonte,malamente
malamonte,malamente
malcontentos,malcontentos
malgaitaflen,malgastasen
maliciosamonte,maliciosamente
manifestandoseél,manifestandose el
montendra,mantendra
montenér,mantener
montener,mantener
montenerse,mantenerse
montenido,mantenido
monteniendolos,manteniendolos
monteniéndose,manteniendose
manufaéturas,manufacturas
miquinas,maquinas
mar.—montevideo,mar montevideo
marmontel~~el,marmontel el
martyr,martir
marso,marzo
masabundancia,mas abundancia
masieftrecho,mas estrecho
masfavorables,mas favorables
masimportantes,mas importantes
maftiles,mastiles
'mayor'abundancia,mayor abundacia
mayorabundancia,mayor abundacia
mayorescasez,mayor escasez
maana,mañana
madianimonte,medianamente
madianamonte,medianamente
medianamonte,medianamente
medicinam,medicina m
mediodela,medio de la
mediterranco,mediterraneo
mencionadostexidos,mencionados tejidos
menefter,menester
menorr,menor
mznor,menor
mensualmonte,mensualmente
mebnsualmonte,mensualmente
mercuriodel,mercurio del
meridianode,meridiano de
mesesdeescasez,meses de escasez
metaphylica,metafisica
micariño,mi cariño
minaturaleza,mi naturaleza
mi.tierra,mi tierra
mia.hacela,mia hacela
miramontes.,miramontes
mismontes,mis montes
misantbropo,misantropo
mifma,misma
milmanaturaleza,misma naturaleza
imismanaturaleza,misma naturaleza
misma-naturaleza,misma naturaleza
mismanaturaleza,misma naturaleza
mifmanotoriedad,misma notoriedad
mesmo,mismo
mijmo,mismo
mifmo,mismo
miſmo,mismo
mism,mismo
miimo,mismo
tmismoabundancia,mismo abundancia
miſmo.monte,mismo monte
mifmotiempofe,mismo tiempo se
miimos,mismos
mifmos,mismos
mifniós.montes,mismos montes
mysterio,misterio
mysteriosa,misteriosa
mocioo,mocion
montentánea,momentanea
monarchia,monarquia
mcnarquia,monarquia
monges,monjes
monſtruo,monstruo
montaa,montaña
montaas,montañas
monteí,monte
.|monte,monte
.monte,monte
=monte-,monte
rmonte,monte
monte==,monte
monte=,monte
monte/~,monte
.monte¡,monte
monte=-,monte
-monte,monte
——monte,monte
|monte,monte
¡monte,monte
jmonte,monte
monte£-,monte
-|monte,monte
-monte-,monte
¿monte,monte
.monte=,monte
.monte-,monte
monte-|,monte
'monte,monte
—monte,monte
monte_,monte
monte-,monte
'monte-,monte
monte-4,monte
monte~,monte
¿monte-,monte
monte.,monte
monte+,monte
monte.42o,monte .42o
monte:1108,monte 1108
monte-148,monte 148
monte178,monte 178
monte.275,monte 275
monte'3000,monte 3000
monte-327,monte 327
monte:35,monte :35
monte-a¢,monte a
monte-ak,monte ak
monte.al,monte al
monte-al,monte al
monte-átacro,monte atacro
monteb2mommmidin,monte b2mommmidin
monte.baxo,monte bajo
monte.¡bramando,monte bramando
monte-caballo,monte caballo
monte=cacuru,monte cacuru
monte-calwo,monte calwo
monte-camino,monte camino
monte-cerca,monte cerca
monte-cbristo,monte cristo
montede,monte de
monte'de,monte de
-montede,monte de
monte.de,monte de
monte-de,monte de
",monte¡de¿palencia",monte de la palencia
monte-dle-,monte dle
monte-en,monte en
monte-granario,monte granario
monte-her=,monte her
monte-hermofa,monte hermosa
monte-hermoro,monte hermoso
montei,monte i
monte-jhs,monte jhs
monte-llano,monte llano
monte-mira,monte mira
monte-n,monte n
monte—nosotros,monte nosotros
monte-oli,monte oli
monte.oiympo,monte olimpo
monte¿oristl,monte oristl
montepara,monte para
monte-pi,monte pi
monte-pie,monte pie
monte.pio,monte pio
monte-pib,monte pio
monte=pio,monte pio
monte-piox,monte pio
monte-pío,monte pio
monte-pid,monte pio
montepió,monte pio
monte-pio,monte pio
monte+pio,monte pio
¿monte-pio,monte pio
monte-pio-militar,monte pio militar
montepiomilitar,monte pio militar
monte-pio.zlas,monte pio zlas
monte-pios,monte pios
monte-que,monte que
monte-r,monte r
monte-rev,monte rev
monterr,monte rr
monte.-s.,monte s
montet0,monte t0
monte-trigo,monte trigo
monteú.—,monte u
monte.—vea,monte vea
montevolcánico,monte volcanico
monte.y,monte y
montey,monte y
monte_z00.per=,monte z00 per
montea-,montea
.montea,montea
montea~,montea
montegudo,monteagudo
montesgudo,monteagudo
montedgudó,monteagudo
monte-agudo,monteagudo
monte-agtido,monteagudo
monte-azudo,monteagudo
monteagudu,monteagudo
montegaudio,monteagudo
monte-agúdo,monteagudo
¡monteagudo,monteagudo
monte-agádo,monteagudo
monteapudo,monteagudo
monteagut,monteagudo
monteagud,monteagudo
monteazudo,monteagudo
monteagudósefábrican,monteagudo se fabrican
monteagudo—un,monteagudo un
montedlegre,montealegre
monteakgre,montealegre
monteclegre,montealegre
monteajegre,montealegre
monteale¿te,montealegre
montealegr,montealegre
monteaiegte,montealegre
montezalegre,montealegre
monte-alegye,montealegre
monte-alegte,montealegre
monte-alcgre,montealegre
.monte-alegra,montealegre
montealepres,montealegres
montealegrez,montealegres
montealegres:326.,montealegres 326
monte=bello,montebello
montebell6,montebello
montebelio,montebello
monte-blancr,monteblanco
monte-blan,monteblanco
monte-blan-,monteblanco
monte-bianco,monteblanco
monte-blauco,monteblanco
monteblanc,monteblanco
monte-blanco,monteblanco
monte-casino,montecasino
monte-cafino,montecasino
monte-cafíno,montecasino
monte-caftélo,montecastelo
monte-chiare,montechiare
monte-christo,montechristo
monte-chrifto,montechristo
montechrifto,montechristo
montecillos-,montecillos
montecristi—,montecristi
monte-cristi,montecristi
monte-cbristi,montecristi
montecristi—diego,montecristi diego
montecristt,montecristo
monteſinos,montefinos
monte-frio,montefrio
montefrio.-,montefrio
montehermo-,montehermoso
monte-hermoso,montehermoso
montehennoso,montehermoso
monteherimoso,montehermoso
montebermoso,montehermoso
montehermafo,montehermoso
montehermolo,montehermoso
montebermofo,montehermoso
monte-hermolo,montehermoso
montelensuscuentos,montel en sus cuentos
monteies,monteles
montemarp,montemar
¿montemar,montemar
montemar.==,montemar
montemarr,montemar
monte=mar,montemar
monte-mar,montemar
montemeyor,montemayor
montemayos,montemayor
montemaycr,montemayor
montemayoc,montemayor
montetnayor,montemayor
montemayot,montemayor
monte-mayor,montemayor
monteniayor,montemayor
=montemayor,montemayor
montemavor,montemayor
montewayor,montemayor
montersayor,montemayor
==montemayor,montemayor
montemiyor,montemayor
montemayür,montemayor
montemayor+,montemayor
montetnayqr,montemayor
montemaivor,montemayor
¿montemayor,montemayor
—=montemayor,montemayor
montemyaor,montemayor
montemayora,montemayor a
montemayotes,montemayores
monteen,monten
'monten,monten
monten-,monten
montenegtinos,montenegrinos
montenegriros,montenegrinos
montene¿rinos,montenegrinos
monteregrinos,montenegrinos
monteuegrinos,montenegrinos
montenegrvnos,montenegrinos
monteriegrinos,montenegrinos
montenegiinos,montenegrinos
montemegrinos,montenegrinos
montenggro,montenegro
monteneg.®,montenegro
montensgro,montenegro
montenero,montenegro
montenegr,montenegro
montenegto,montenegro
montentgro,montenegro
montenego,montenegro
—montenegró,montenegro
monte-negro,montenegro
monteneg,montenegro
montenegrm,montenegro
monteneoro,montenegro
monteucgro,montenegro
montengr,montenegro
monteregro,montenegro
monteuegro-,montenegro
montenegpro,montenegro
4montenegro,montenegro
montenogro,montenegro
montevegro,montenegro
montenegro=—magistral,montenegro magistral
montenegroy,montenegro y
montenegrosque,montenegros que
.montepio,montepio
monter-,monter
-montera-,montera
¡montera,montera
monter.á,montera
montera-|,montera
¿montera,montera
montera/,montera
montera-,montera
-montera,montera
"montera,4",montera 4
montera.á,montera a
montera.—en,montera en
montera.n3_,montera n3
montera-o,montera o
montera.setras-,montera setras
montera.-si,montera si
montera.y,montera y
montera5,monteras
¿monteras,monteras
.monteras,monteras
monteras.en,monteras en
monte-real,montereal
monte-reale,montereal
monte-redondo,monteredondo
'monterero,monterero
monte-1ey,monterey
¿monte-rey,monterey
monte-rei,monterey
monterey.1,monterey
monte-rey,monterey
monterey¡,monterey
monte=-rey,monterey
.monterías,monterias
-monterias,monterias
ó'monterías,monterias
monte=rico,monterico
monte-rico,monterico
-monterico-¿conde,monterico conde
monte-ro-,montero
monter0,montero
montero.—se-,montero se
montero.—segundo,montero segundo
monte-roxo,monterojo
montero3,monteros
monte-reí,monterrey
monterrty,monterrey
monterréy-,monterrey
monterrey-,monterrey
montertubio,monterubio
monte-rubío,monterubio
montesj,montes
montes2,montes
¡montes.,montes
montef,montes
monte.s,montes
monte-s.,montes
montes.t,montes
.montes,montes
montesl,montes
montes-¡,montes
wmontes,montes
monte-s,montes
montes3,montes
:montes,montes
montes-,montes
/mmontes,montes
-montes,montes
3montes/,montes
"montes,0",montes
jmontes,montes
¿montes,montes
montess,montes
montes.,montes
'montes,montes
"montes,1",montes
montes.—,montes
¡montes,montes
montes—,montes
montes9,montes 9
montesalcanza,montes alcanza
montes-claros,montes claros
montes-cloros,montes cloros
montescomo,montes como
montes-de,montes de
montescde,montes de
montesde,montes de
montes'de,montes de
montes-de-oca,montes de oca
montesdeocailicenciado-,montes de oca licenciado
montes.dehesas,montes dehesas
montes.del,montes del
montes.—el,montes el
montes.en,montes en
montes.es,montes es
montes.escelentísimo,montes excelentisimo
montes.la,montes la
montes-pies,montes pies
montes-píos,montes pios
montes.pios,montes pios
montes-pios,montes pios
montes—por,montes por
montesfegun,montes segun
montes.—señor,montes señor
montes'si,montes si
montes.—sór,montes sor
montes.—sr,montes sr
montes—sr,montes sr
montes'tan,montes tan
montestinmediaros,montes tinmediaros
montesy,montes y
montes.y,montes y
montes-y,montes y
.montesa,montesa
monteſa-,montesa
montefa,montesa
montefá-,montesa
¿montesa,montesa
¡montesa,montesa
-montesa,montesa
montesa.=5r,montesa .=5r
montesa.ccsee,montesa ccsee
monte-3acro,montesacro
montefacro,montesacro
monte-sacre,montesacro
montesaccren,montesacro
montersacro,montesacro
montesacre,montesacro
monte-sacro,montesacro
monte-saero,montesacro
montefala,montesala
monte-santo,montesanto
montefas,montesas
montefclaros,montesclaros
montes-clarosp,montesclaros
¿montesclaros,montesclaros
montefe.ha,montese ha
|monteses,monteses
monteſes,monteses
montefes,monteses
mmonteses,monteses
~montefes,monteses
monteses-,monteses
montezes,monteses
montefesde,monteses de
'montesino,montesino
montefinos,montesinos
montesinosen,montesinos en
montesion-casa,montesion casa
montesfon-en,monteson en
montefquion,montesquion
monte-vecchio,montevecchio
¡monteverda,monteverde
montererde,monteverde
monteyerde,monteverde
montevérdo,monteverde
monteberde,monteverde
montecerde,monteverde
-monteverde,monteverde
monte-verde,monteverde
montevcrdc,monteverde
montevers,monteverde
montevcrde,monteverde
monteverde.no,monteverde no
monteverdey,monteverde y
monte-videanos,montevideanos
montevidoo,montevideo
monteuidea,montevideo
monte-vide,montevideo
monte-video,montevideo
montevido,montevideo
montevideg,montevideo
montewidto,montevideo
¡montevides,montevideo
¡montevideo,montevideo
monteuideo,montevideo
|montevideo.|,montevideo
montevidco,montevideo
150.¡montevideo.|,montevideo
monteviden,montevideo
-monteyideus,montevideo
montevidea,montevideo
monteviduamt,montevideo
montevideu,montevideo
—montevideo,montevideo
montevideo.|,montevideo
montevicco,montevideo
-montevideo,montevideo
montevidos,montevideo
montevidio,montevideo
montevi=,montevideo
¿montevideo,montevideo
monteyideo,montevideo
montevidéa,montevideo
monteyidéo,montevideo
-montevidéo,montevideo
montevídio,montevideo
monteviueo,montevideo
monteyidco,montevideo
¡montevide,montevideo
montevided,montevideo
monteviaeo,montevideo
montevidés,montevideo
monteviteo,montevideo
monteviedo-,montevideo
¿montevidéo,montevideo
montevides,montevideo
imonteyideo,montevideo
montevideo.=,montevideo
monteridéo,montevideo
montevidto,montevideo
montevidess,montevideo
montevidzo,montevideo
montevidso,montevideo
montevide,montevideo
montevigco,montevideo
¡montevideo.|,montevideo
montevideo-,montevideo
-montevidto,montevideo
monteviseo,montevideo
monte.video,montevideo
montevidey,montevideo
montevileo,montevideo
.montevideo,montevideo
monteviddo,montevideo
=montevideo,montevideo
monte-vidéo,montevideo
montevidco.iyke,montevideo .iyke
montevideo:4-labahía,montevideo :4-labahía
montevideo.==el,montevideo el
montevideo-'en,montevideo en
montevidéoen,montevideo en
montevidco_haya,montevideo haya
montevideo.=la,montevideo la
montevideo-nos,montevideo nos
monte-viejo,monteviejo
monteño.=,monteño
moralesmedicos,morales medicos
moſcovia,moscovia
mucha¡abundancia,mucha abundancia
muchaspersonas,muchas personas
muchissimos,muchisimos
muchu,mucho
muchomás,mucho mas
muetras,muestras
muger,mujer
mugeres,mujeres
mundohan,mundo han
muicular,muscular
muftulo,musculo
mufculo,musculo
muiculo,musculo
mufculos,musculos
muftulofas,musculosas
nanaturaleza,na naturaleza
nacionolandefa,nacion holandesa
naciona,nacional
napa.les,napoles
natdraldel,natural del
"naturaleza,0",naturaleza
naruraleza,naturaleza
naturalezatd,naturaleza
naturalezaá,naturaleza
naturalezaí,naturaleza
naturalezaa,naturaleza
naturaleza-,naturaleza
naturaleza.,naturaleza
wnaturaleza,naturaleza
¡naturaleza,naturaleza
_naturaleza,naturaleza
inaturaleza,naturaleza
/naturaleza,naturaleza
naturalezal,naturaleza
snaturaleza,naturaleza
",naturaleza",naturaleza
'naturaleza,naturaleza
-naturaleza,naturaleza
naturalezai,naturaleza
||naturaleza,naturaleza
naturalezaró,naturaleza
naturalezaj,naturaleza
.pnaturaleza,naturaleza
.naturaleza.,naturaleza
naturalezan,naturaleza
¿naturaleza,naturaleza
vnaturaleza,naturaleza
enaturaleza,naturaleza
naturaleza.-,naturaleza
naturaleza.1,naturaleza
naturaleza.—,naturaleza
naturaleza.=,naturaleza
jnnaturaleza,naturaleza
-naturaleza.,naturaleza
.naturaleza,naturaleza
inaturaleza.,naturaleza
mnaturaleza,naturaleza
naturaleza.2.0,naturaleza .2.0
naturaleza.91sueo.r,naturaleza .91sueo.r
naturaleza.danesl,naturaleza .danesl
naturaleza.el,naturaleza .el
naturaleza.en,naturaleza .en
ſunaturaleza.en,naturaleza .en
naturaleza.es,naturaleza .es
naturaleza.fol,naturaleza .fol
naturaleza.la,naturaleza .la
naturaleza.ni,naturaleza .ni
naturaleza.pag.27,naturaleza .pag.27
naturaleza.se,naturaleza .se
naturaleza.si,naturaleza .si
naturaleza.son-,naturaleza .son
naturaleza.supongamos,naturaleza .supongamos
naturaleza.trahe,naturaleza .trahe
naturaleza.ya,naturaleza .ya
naturaleza.¡obre,naturaleza .¡obre
naturaleza.¿y,naturaleza .¿y
naturalezaabrántes,naturaleza abrántes
.naturaleza.anda,naturaleza anda
naturaleza.=.aprobado,naturaleza aprobado
naturalezacuando,naturaleza cuando
naturalezaide,naturaleza de
naturalezade,naturaleza de
naturaleza.de,naturaleza de
naturalezande,naturaleza de
.naturalezade,naturaleza de
naturalezadel,naturaleza del
naturaleza'del'cóncreto,naturaleza del concreto
naturaleza—despalmaban,naturaleza despalmaban
naturalezadigamoslo,naturaleza digamoslo
naturaleza7diversa,naturaleza diversa
naturalezaen,naturaleza en
naturaleza-en,naturaleza en
naturalezaeran,naturaleza eran
naturaleza¡es,naturaleza es
naturalezaes,naturaleza es
naturalezaferaz,naturaleza feraz
naturalezagsivuelvand,naturaleza gsivuelvand
naturaleza-hace,naturaleza hace
naturalezaivans,naturaleza ivans
naturaleza.le,naturaleza le
naturaleza—los,naturaleza los
naturaleza.misma,naturaleza misma
naturaleza-misma,naturaleza misma
naturalezanecesitamos,naturaleza necesitamos
naturaleza_no,naturaleza no
naturalezano,naturaleza no
naturalezanos,naturaleza nos
naturaleza.nos,naturaleza nos
naturalezanosotros,naturaleza nosotros
naturaleza-original,naturaleza original
naturaleza.para,naturaleza para
naturaleza.-para,naturaleza para
naturalezazpero,naturaleza pero
naturalezapone,naturaleza pone
naturalezapor,naturaleza por
naturaleza.por,naturaleza por
naturalezaporque,naturaleza porque
naturalezapues,naturaleza pues
¡naturalezaque,naturaleza que
naturalezaque,naturaleza que
naturaleza.que-,naturaleza que
naturaleza.que,naturaleza que
naturaleza'se,naturaleza se
naturalezase,naturaleza se
naturaleza-secrían,naturaleza secrían
naturalezasegún,naturaleza segun
naturalezasi,naturaleza si
naturalezason,naturaleza son
naturalezasow,naturaleza sow
naturaleza-tal,naturaleza tal
naturalezatan,naturaleza tan
naturaleza.—torrero,naturaleza torrero
naturaleza-un,naturaleza un
naturalezauniversal,naturaleza universal
naturalezava,naturaleza va
naturalezaves,naturaleza ves
naturaleza.virtudes,naturaleza virtudes
naturalezavoluntariamente,naturaleza voluntariamente
naturalezavolviéndose,naturaleza volviendose
naturaleza.y,naturaleza y
¡naturaleza.y,naturaleza y
naturalezay,naturaleza y
naturaleza-y,naturaleza y
naturalezary,naturaleza y
naturalezaxysus,naturaleza y sus
naturaleza¿oo,naturaleza ¿oo
naturalezaícn,naturaleza ícn
naturalezaísiédo,naturaleza ísiédo
naturalezaz,naturalezas
naturalezazs,naturalezas
naturalezas-,naturalezas
¡naturalezas,naturalezas
naturaleza5,naturalezas 
naturalezasemas,naturalezas emas
naturalezaslerdeng,naturalezas lerdeng
naturalezasperodios,naturalezas pero dios
naturalissima,naturalisima
naturalissimamente,naturalisimamente
naturalezacion,naturalizacion
naturslmonte,naturalmente
navios-americanos,navios americanos
naviosproyecta-,navios proyecta-
neceflaria,necesaria
necessaria,necesaria
necesiriamonte,necesariamente
necesáriamonte,necesariamente
necesariemonte,necesariamente
neceffarias,necesarias
necessario,necesario
neceſlario,necesario
necellarios,necesarios
neceflarios,necesarios
necefsita,necesita
necessira,necesita
neceſitan,necesitan
necessitan,necesitan
necefsitara,necesitara
necelsirara,necesitara
necefsitare,necesitare
necefsitarian,necesitarian
necessite,necesite
negociadosfobre,negociados sobre
negociantejamericano,negociante americano
niaun,ni aun
nieya,nieva
ningunaa,ninguna
nia,niña
nias,niñas
nio,niño
nios,niños
njal.cultivo,njal cultivo
nohavrá,no habra
nonaturaleza,no naturaleza
nopuede,no puede
noſe,no se
noclie,noche
nochecae,noche cae
nombradoal,nombrado al
nonbre,nombre
norteamerica-,norteamerica
norce-america,norteamerica
norte-america,norteamerica
nort-america,norteamerica
nourte-america,norteamerica
north-america,norteamerica
norte-americay,norteamerica y
norte-americana,norteamericana
nerte-americano,norteamericano
norte.-americano,norteamericano
norte-americano,norteamericano
nortosamericano,norteamericano
norte-americamo,norteamericano
nortamericano,norteamericano
nortezamericano,norteamericano
norte-americapos,norteamericanos
norte-americatios,norteamericanos
norte.americanos,norteamericanos
norte-americanos,norteamericanos
norte-—americanos,norteamericanos
nosfranquea,nos franquea
nosimporta,nos importa
osotros,nosotros
notabilissimos,notabilisimos
noyedad,novedad
nueſtro,nuestro
nostro,nuestro
nustros,nuestros
nuetros,nuestros
uuevamonte,nuevamente
nuevamonte,nuevamente
nueyo,nuevo
numerofas,numerosas
numerofoque,numeroso que
ó.escasez,o escasez
onaturaleza,o naturaleza
obispadola,obispado la
objecciones,objeciones
obgeto,objeto
obliquas,oblicuas
obligaa,obliga a
obrasse,obrase
obfervadotambien,observado tambien
oblervar,observar
obſtante,obstante
ocafionesde,ocasiones de
occeano,oceano
ociofos,ociosos
otubre,octubre
offende,ofende
olónaturaleza,oló naturaleza
opiniog,opinion
oponerfe,oponerse
órden-americaná,orden americana
ordinariamonte,ordinariamente
ordinariosel,ordinarios el
os-montes,os montes
obfcura,oscura
otra-naturaleza,otra naturaleza
otroconfindepor-,otro confin de por
otrosinmedia,otros inmedia
otrostarde,otros tarde
o¡j.perfonas,o¡j personas
pabloque,pablo que
pactoamericano,pacto americano
paganientos,pagamientos
pagandofeles,pagandoseles
paxaro,pajaro
paxaros,pajaros
pagero,pajero
pageros,pajeros
palavra,palabra
palbras,palabras
pano-americana,panoamericana
papaen,papa en
para'aplicar,para aplicar
parael,para el
paralaconservacion,para la conservacion
paralosbaxeles-,para los bajeles
.para.montevideo,para montevideo
para-montevideo,para montevideo
-paramontevidzo.las,para montevideo las
paravigilar,para vigilar
parage,paraje
parages,parajes
paralelogrammo,paralelogramo
parcialmonte,parcialmente
parecidoincluir,parecido incluir
parte-americar,parte americas
parte-deellosen,parte de ellos en
parteque,parte que
partesabundancia,partes abundancia
parteslatón,partes laton
particular-2,particular -2
particularencadaterreno,particular en cada terreno
pitticularmonte,particularmente
porticularmonte,particularmente
perticularmonte,particularmente
particularmonte,particularmente
pacticularmonte,particularmente
'particolarmente,particularmente
pasagero,pasajero
pasageros,pasajeros
pafamonte,pasamonte
passo,paso
patentemonte,patentemente
patbetico,patetico
patriotasi,patriotas
paos,paños
pauelos,pañuelos
penhetran,penetran
penoſas,penosas
penofo,penoso
penfamientos,pensamientos
pequena,pequeña
pequea,pequeña
pequenas,pequeñas
pequeñissimo,pequeñisimo
pequeñissimos,pequeñisimos
pequeo,pequeño
pequeno,pequeño
pequeñobbosque,pequeño bosque
pequenos,pequeños
pequeos,pequeños
.¿perabundancia,per abundancia
perabundancia,per abundancia
perdiesse,perdiese
peremptorio,perentorio
perfection,perfeccion
perfeiña,perfecta
perfeetamente,perfectamente
plrfeutarmonte,perfectamente
porfeciamonte,perfectamente
perf.timonte,perfectamente
perfeftamente,perfectamente
perfeeto,perfecto
periódicamonte,periodicamente
perniciofa,perniciosa
perocomo,pero como
perpetna,perpetua
porpetuamonte,perpetuamente
perperuamente,perpetuamente
perperuandofe,perpetuandose
perfona,persona
rsonalmonte,personalmente
personalmonte,personalmente
perfonas,personas
perfuade,persuade
perfuaden,persuaden
pefcar,pescar
pefos,pesos
peſos,pesos
pefquerias,pesquerias
peñaode,peñao de
pivamonte,piamonte
ipiamonte,piamonte
-pigmonte,piamonte
'piatmonte,piamonte
piamonte-,piamonte
peamonte,piamonte
piamonte.-,piamonte
¿plamonte,piamonte
pisimonte,piamonte
-piamonte,piamonte
'piamonte,piamonte
plamontea,piamonte
pladmonte,piamonte
piqmonte,piamonte
plamonte,piamonte
pinamonte,piamonte
¡piamonte,piamonte
piamonte.con,piamonte con
piamonte.en,piamonte en
piamonte.los,piamonte los
piamonte.n,piamonte n
piamonte.turf,piamonte turf
piamonteía,piamontera
piamontef,piamontes
piamontescs,piamontes
plamontes,piamontes
piamonteess,piamontes
piamontes82,piamontes 82
piamontes.también,piamontes tambien
piamontesy,piamontes y
'piamontesa,piamontesa
piamontefa,piamontesa
piemontefa,piamontesa
plamontesa,piamontesa
piamontefas,piamontesas
piamonteías,piamontesas
pizmontesas,piamontesas
piamontesass,piamontesas
piammontesas,piamontesas
diamonteſas,piamontesas
piemontefascon,piamontesas con
piamontesasyy,piamontesas y
piamonteſes,piamonteses
piamontefes,piamonteses
piúmonteses,piamonteses
ppiamonteses,piamonteses
picmontefes,piamonteses
.¡piamonteses,piamonteses
piamonteces,piamonteses
_piamonteses,piamonteses
plamonteses,piamonteses
piemonte/t,piemonte
pismonte,piemonte
premonte,piemonte
piemonte-,piemonte
piemonteſa,piemontera
piemonteſas,piemonteras
piemonteſes,piemonteras
pigtmontesi,piemontes
piemontefs,piemontes
piemontess,piemontes
pismontes,piemontes
piemontefas,piemontesas
piumontesas,piemontesas
piemonteſar,piemontesas
iemontefas,piemontesas
piemontesse,piemontese
riemontefes,piemonteses
fiemonteſes,piemonteses
piemonteser,piemonteses
piemontefes,piemonteses
piemontefos,piemonteses
plemontefes,piemonteses
pismonteses,piemonteses
piemonteſes.los,piemonteses los
pytagoras,pitagoras
planchetas,planchetas
plaſencia,plasencia
playaexpuestos,playa expuestos
pleytos,pleitos
plenamonte,plenamente
pleaamonte,plenamente
poiire,pobre
poderosisiinamonte,poderosisimamente
poderfe,poderse
poneel,pone el
populacho++'balescasezde,populacho bal escasez de
porcaufa,por causa
pordefcuydo,por descuido
porella,por ella
porescaseza,por escazes a
porlaescasezde,por la escasez de
por-la-naturaleza,por la naturaleza
porlos,por los
pormes,por mes
por.montes,por montes
por.muchos,por muchos
por-naturaleza,por naturaleza
por'naturaleza,por naturaleza
por.naturaleza,por naturaleza
por¡naturaleza,por naturaleza
pornaturaleza,por naturaleza
pornaturalezas,por naturalezas
pornueltros,por nuestros
porfuembaxador,por su embajador
porsuinaturalezason,por su naturaleza son
porfus,por sus
porun,por un
porqueno,porque no
posseo,poseo
poſſeſsion,posesion
posseyendo,poseyendo
posteriormonte,posteriormente
potetera,potetera
praeticos,practicos
praetique,practique
prrcaucion,precaucion
preecaucion,precaucion
precipitadamonte,precipitadamente
precisamonte,precisamente
preciuamonte,precisamente
precilamonte,precisamente
precifas,precisas
precifos,precisos
preferenciade,preferencia de
preludiodelasbrillantes,preludio de las brillantes
preſente,presente
prefentela,presentela
prefsion,presion
pretendiessen,pretendiesen
preternaturalmonte,preternaturalmente
previamonte,previamente
previni\u00e9ndose,previniendose
primerordem,primer orden
primeraque,primera que
primeravez,primera vez
primeramonte,primeramente
primorosamonte,primorosamente
principaliſsimos,principalisimos
principalmonte,principalmente
priacipalmonte,principalmente
principalmonte-el,principalmente el
principeardoreb,principe ardoreb
príncipe.montemayor,principe montemayor
pricipio,principio
pripcipalmonte,pripcipalmente
.privativos,privativos
privilegiode,privilegio de
probabilissima,probabilisima
probabiligimo,probabilisimo
prodigiosd,prodigiosa
poflefsion,profesion
progressivamente,progresivamente
prompramente,prontamente
promptamente,prontamente
prontamenteílmontevideo,prontamente montevideo
promptas,prontas
prompto,pronto
proporcionalas,proporciona las
proporcionadayademas,proporcionada y ademas
propueſta,propuesta
profiguecon,prosigue con
profiguiendo,prosiguiendo
provincizles,provinciales
provinciasamericanas,provincias americanas
provinciasunidns,provincias unidas
proyeéto,proyecto
prudenciade,prudencia de
prudentissimamente,prudentisimamente
publicacions,publicaciones
pú.biíco,publico
pudiefe,pudiese
pudieflen,pudiesen
pudriendoſe,pudriendose
puedem,pueden
pueden.confiderar,pueden considerar
puertoyentraron,puerto y entraron
pueſto,puesto
pulfar,pulsar
pulfatil,pulsatil
pulfifica,pulsifica
puno=americana,puno americana
puntualmonte,puntualmente
purissima,purisima
puſo,puso
puo,puño
qiee,que
qne,que
qiie,que
queandarán,que andaran
queconvenga,que convenga
quecultivo,que cultivo
queel,que el
que-embellecen,que embellecen
queestuvieron,que estuvieron
quefueron,que fueron
queha,que ha
quehavia,que habia
quehízo,que hizo
quela,que la
quelaquesehalla,que la que se halla
quelas,que las
quelasabundancia,que las abundancia
quelodecore,que lo decore
queno,que no
quese,que se
quefe,que se
quefeasombran,que se asombran
quefu,que su
quetiene,que tiene
quesabundancia,ques abundancia
qui\u00e1n,quien
quixote,quijote
chiromancia,quiromancia
chiromanticos,quiromanticos
quifiere,quisiere
qvm.¡naturaleza,qvm.¡ naturaleza
razimitos,racimitos
racionalmonte,racionalmente
radicaimonte,radicalmente
radicalmonte,radicalmente
rapides,rapidez
razen,razon
raxon,razon
realdelmonte,real del monte
realesla,reales la
reolmonte,realmente
ralmente,realmente
real-monte,realmente
real.monte,realmente
realmonte,realmente
ralmonte,realmente
-real-monte,realmente
relmonte,realmente
real'monte-de,realmente de
rebaxan,rebajan
rebaxando,rebajando
rebeldefediciofo,rebelde sedicioso
recivir,recibir
reciprocamonte,reciprocamente
retuperar,recuperar
redempcion,redencion
reducion,reduccion
reduciendofe,reduciendose
regionjaunque,region aunque
regiítro,registro
reyna,reina
reya,reina
reynade,reina de
reynado,reinado
reynados,reinados
reynas,reinas
reyno,reino
reynos,reinos
relacio,relacion
relaxa,relaja
relaxacion,relajacion
relaxadas,relajadas
relaxado,relajado
relaxan,relajan
relaxarfe,relajarse
relalivamonte,relativamente
religio,religion
remefade,remesa de
ſemonte,remonte
repentiina,repentina
repentinamonte,repentinamente
reprehendian,reprendian
reprefen,represen
repieseutantes,representantes
republicangs,republicanas
refidenciaenefia,residencia en esa
refiftencia,resistencia
refolviendoe,resolviendo e
respeetiva,respectiva
refpecto,respecto
respeeto,respecto
refpecto.de,respecto de
relpetos,respetos
relpiracion,respiracion
refpiraderos,respiraderos
refpiran,respiran
refpirando,respirando
relponde,responde
refponden,responden
refta,resta
reſtauracion,restauracion
reſueltos,resueltos
retitada.-4-belmonte,retirada belmonte
rebienta,revienta
rebueltas,revueltas
ricamonte,ricamente
ridiculizamos,ridiculizamos
rigarosamonte,rigurosamente
riocinca,rio cinca
riquissima,riquisima
risuea,risueña
risueas,risueñas
risueo,risueño
risueos,risueños
robultamente,robustamente
roxo,rojo
roxos,rojos
roponcillos,roponcillos
rs.=somontes,rs somontes
ru.oamericana,ru o americana
ruidogrande,ruido grande
ruidofa,ruidosa
ruso-americana,rusoamericana
rusoamericaiia,rusoamericana
sabundancia,s abundancia
scultivo,s cultivo
s+.monte-alegre,s montealegre
syescasez,s y escasez
sabir,saber
ſaber,saber
fabiala,sabia la
fabrémos,sabremos
facado,sacado
saorilegamonte,sacrilegamente
sacro-monte,sacromonte
sacro-montes,sacromontes
saeromonte,saero monte
say\u00e1ete,sainete
saynete,sainete
saynetc,sainete
fal,sal
fale,sale
ſale,sale
salicndo,saliendo
falivales,salivales
falfa,salsa
salvactierra,salvatierra
fana,sana
ſangre,sangre
fangrias,sangrias
fanguineos,sanguineos
ſano,sano
santissimo,santisimo
sátyros,satiros
fatisfacerlas,satisfacerlas
secoloca,se coloca
secubriesen,se cubriesen
seentregan,se entregan
seha,se ha
fehacen,se hacen
fehallaenteramenterei,se halla enteramente
fele,se le
seleshace,se les hace
femantienen,se mantienen
fenecefsitaban,se necesitaban
senotandiferenciasenlaestructura,se notan diferencias en la estructura
seomitió,se omitio
fepretende,se pretende
setraen,se traen
fetranfportan,se transportan
ſecar,secar
secretamonte,secretamente
sequaces,secuaces
seqestrar,secuestrar
fegun,segun
ſegundo,segundo
fegundo,segundo
segund,segundo
secundo,segundo
fegundoa,segundo a
ſegura,segura
seguramonte,seguramente
segoramonte,seguramente
-seguramonte-tiothan,seguramente tiothan
seiguridad,seguridad
feguridad,seguridad
feis,seis
semilladenuestraprimaveraj,semilla de nuestra primavera
fenfible,sensible
fenfiblemente,sensiblemente
fentido,sentido
fentidos,sentidos
fentimiento,sentimiento
fentir,sentir
ſeparacion,separacion
separadamonte,separadamente
feparado,separado
fer,ser
ferá,sera
sariamonte,seriamente
fervicio,servicio
serviciog,servicios
setikmbre,setiembre
severamonte,severamente
ſexos,sexos
fexto,sexto
senalado,señalado
sealado,señalado
senales,señales
fenales,señales
senor,señor
feñor,señor
seor,señor
seora,señora
seoras,señoras
ſeñores,señores
seores,señores
seorios,señorios
fi,si
sirecae,si recae
fido,sido
siepre,siempre
fiempre,siempre
fiendo,siendo
ſiete,siete
fiete,siete
significasse,significase
figue,sigue
figuientes,siguientes
sylvestre,silvestre
sinplemonte,simplemente
fimplicidad,simplicidad
fincultivo,sin cultivo
sin.cultivo,sin cultivo
sincultivo,sin cultivo
sinque,sin que
sinceramonte,sinceramente
singularissima,singularisima
symptomas,sintomas
systema,sistema
syftole,sistole
fitio,sitio
fituados,situados
sn.conservacion,sn conservacion
fobra,sobra
sobrt,sobre
fobre,sobre
sobrel,sobre el
ſobreabundancia,sobreabundancia
fóbreabundancia,sobreabundancia
sobre-abundancia,sobreabundancia
sobremonte_,sobremonte
sohremonte,sobremonte
sobretela,sobretela
sociejad,sociedad
focorrida,socorrida
focorros,socorros
sol.demina,sol domina
folamente,solamente
ſolamente,solamente
sojamonte,solamente
solamonte,solamente
solumonte,solamente
solemuemonte,solemnemente
solermemonte,solenmemente
folo,solo
foloconabundancia,solo con abundancia
folos,solos
foltamos,soltamos
fon,son
ſon,son
foplado,soplado
foplan,soplan
foplando,soplando
foque,soque
foques,soques
sospechosa.montellanoy,sospechosa .montellanoy
sostengamolos,sostengamoslos
soi,soy
sr.u.delmonte,sr u delmonte
ssabundancia,ss abundancia
ssconservacion,ss conservacion
sscultivo,ss cultivo
ssmontes,ss montes
fu,su
fu'abundancia,su abundancia
suabundancia,su abundancia
su.abundancia,su abundancia
su'abundancia,su abundancia
su'administracion,su administracion
suconservacion,su conservacion
sucultivo,su cultivo
suescasez,su escasez
suexacta,su exacta
funaturalezaj,su naturaleza
su.naturaleza,su naturaleza
su-naturaleza,su naturaleza
fu'naturaleza,su naturaleza
funaturaleza,su naturaleza
sunaturaleza,su naturaleza
.funaturalezaeruginofa,su naturaleza eruginofa
subdiros,subditos
fube,sube
fubiendo,subiendo
fubir,subir
siibitamonte,subitamente
fubttancia,substancia
ſubſtancia,substancia
fubterraneo,subterraneo
fucede,sucede
ſucederá,sucedera
fucediendo,sucediendo
succedio,sucedio
succession,sucesion
fucceisiva,sucesiva
succesivamonte,sucesivamente
sucosivamonte,sucesivamente
sucesivamonte,sucesivamente
sucesso,suceso
succesores,sucesores
sucessos,sucesos
sudamerica,sudamerica
sud-america,sudamerica
sudsamerica,sudamerica
súd-america,sudamerica
sud-americana,sudamericana
sud-americanas,sudamericanas
sud-americano,sudamericano
-+sud+americanos,sudamericanos
sud-americanos,sudamericanos
sul-americanos,sudamericanos
sad-americanossdice,sudamericanos dice
fudor,sudor
fuele,suele
fuelen,suelen
siuerto,suerte
suea,sueña
sueas,sueñas
fueño,sueño
sueo,sueño
sueos,sueños
fuficientecantidad,suficiente cantidad
ſuficientemente,suficientemente
sulicientemonte,suficientemente
suficientemonte,suficientemente
fuficientemente,suficientemente
suficientémonte,suficientemente
sugeto,sujeto
sujetoal,sujeto al
ſujetos,sujetos
sugetos,sujetos
fugetos,sujetos
fulphureas,sulfureas
sulphureas,sulfureas
suma.escasez,suma escazes
sumamonte,sumamente
siperabundancia,superabundancia
3uperabundancia,superabundancia
super-abundancia,superabundancia
fuperabundancia,superabundancia
soperabundancia,superabundancia
suprrabundancia,superabundancia
ſuperabundancia,superabundancia
supcrabundancia,superabundancia
'superabundancia,superabundancia
suverabundancia,superabundancia
suferabundancia,superabundancia
ſuperficie,superficie
fuperfluamente,superfluamente
fuperior,superior
ſuperior,superior
fuperfticiofos,supersticiosos
fuponef,supones
fuponiendo,suponiendo
búreamerica,suramerica
sur-america,suramerica
sur=america-,suramerica
sur-america-,suramerica
sur—america,suramerica
sur——americana,suramericana
sursamericana,suramericana
sur-americanas,suramericanas
suramericanas,suramericanas
_suramericanas,suramericanas
sur-americano,suramericano
suramericabo,suramericano
sur-americanos,suramericanos
soramericanos,suramericanos
sur—americanos,suramericanos
fus,sus
sus.montes,sus montes
susmontes,sus montes
suseripcion,suscripcion
ſutil,sutil
futilifsimas,sutilisimas
fuyas,suyas
tayer,taller
talónaturaleza,taló naturaleza
tamaos,tamaños
tanbien,tambien
tambin,tambien
tambier,tambien
tambieitcon,tambien con
tambicnlalenceria,tambien la lenceria
tambienperfonas,tambien personas
tantgabundancia,tanta abundancia
te-americanos,te americanos
theatro,teatro
tegamenteaamerica.componen,tegamentea america componen
texido,tejido
texidos,tejidos
teladolósmontesimas,telado los motesimas
templao,templado
tenemostambien,tenemos tambien
tener'abundancia,tener abundancia
tengocada,tengo cada
tenfas,tensas
theologica,teologica
theorica,teorica
términantemonte,terminantemente
terminsntemonte,terminantemente
thefianos,tesianos
teſoros,tesoros
rextura,textura
tienpo,tiempo
tiempotres,tiempo tres
tieneſe,tienese
tieqecultivo,tieqe cultivo
ptierra,tierra
tierra-aluminosa,tierra aluminosa
tierracocída,tierra cocida
tierrade,tierra de
tierra-firme-,tierra firme
tierrahallan,tierra hallan
tierra.las,tierra las
tierrasj,tierras
tierras.dulces,tierras dulces
typografia,tipografia
tyranica,tiranica
tohalla,toalla
todalahoja,toda la hoja
todo.americano,todo americano
todóen,todo en
todolo,todo lo
todoslos,todos los
tontasde,tontas de
traballo,trabajo
trabajs,trabajos
trahen,traen
trahera,traera
trahian,traian
trahidas,traidas
trahido,traido
tranfpiracion,transpiracion
tras-dos-montes,tras dos montes
zras-los-montes,tras los montes
traslosmontes,tras los montes
tras=los-montes.,tras los montes
tras-los-montes,tras los montes
tras-monte,tras monte
tras-os-montes,tras os montes
tras-osmontes,tras os montes
tropasimperiaes,tropas imperiales
tropas-piamontefas,tropas piamontesas
tualmonte,tualmente
tiviera,tuviera
ucultivo,u cultivo
úlimamontereodivisaceidariadh,ulimamente reodivisaceidariadh
últimamonte,ultimamente
últimimonte,ultimamente
úlrimamonte,ultimamente
vltimos,ultimos
vn,un
unamericano,un americano
un-americano,un americano
unbosque,un bosque
unbreve,un breve
uncultivo,un cultivo
un-monte,un monte
unmonte,un monte
vna,una
unadigna,una digna
unacnaturaleza,una naturaleza
unanaturaleza,una naturaleza
úinicamonte,unicamente
úoícamonte,unicamente
únicomonte,unicamente
únicamonte,unicamente
vnida,unida
vnido,unido
união,union
niiverso,universo
-vno,uno
vno,uno
unopurificar,uno purificar
vnos,unos
unosbrotan,unos brotan
ur-america,ur america
vsa,usa
vsaba,usaba
vsaua,usaba
vsaban,usaban
vsauan,usaban
vsada,usada
vsado,usado
ufado,usado
vsados,usados
vsan,usan
vsando,usando
vsanza,usanza
vsanzas,usanzas
vsar,usar
vsaria,usaria
vsaron,usaron
vsasen,usasen
vse,use
vsen,usen
ufo,uso
utia-superabundancia,utia superabundancia
vtiles,utiles
vtilidad,utilidad
vabundancia,v abundancia
vacantesdurantelas,vacantes durante las
bacuno,vacuno
barias,varias
variosgéneros,varios generos
varunes,varones
vasallage,vasallaje
vallanse,vayanse
veafe,vease
vezes,veces
yeces,veces
vezina,vecina
vezinas,vecinas
vezindario,vecindario
vezindarios,vecindarios
vezino,vecino
1.vezinos,vecinos
yehementemente,vehementemente
beia,veia
beian,veian
beinte,veinte
vexiga,vejiga
vexigas,vejigas
vellofo,velloso
velocidadconforme,velocidad conforme
vemostodoslosdías,vemos todos los dias
wenecia,venecia
venianalli,venian alli
benir,venir
vyerdaderamonte,verdaderamente
vergomzosamonte,vergonzosamente
vergonzofas,vergonzosas
vergenzas,verguenzas
verisímil,verosimil
verifimil,verosimil
versadasen,versadas en
vestigio.de,vestigio de
viage,viaje
viages,viajes
victoriosamonte,victoriosamente
vietorioso,victorioso
vidio,video
vienade,viena de
vierona,vieron a
villamontez,villamontes
visiva.elquede,visiva el que de
yitalidad,vitalidad
vivahmucho,viva mucho
vivala,vivala
yoluntarizmonte,voluntariamente
volugtaciamonte,voluntariamente
voluntarigmonte,voluntariamente
bomitan,vomitan
yoz,voz
buelta,vuelta
bueltas,vueltas
buelve,vuelve
vuelveaqui,vuelve aqui
vuestra.conservacion,vuestra conservacion
vueftro,vuestro
vulgarissima,vulgarisima
wcidos.en-abundancia,wcidos en abundancia
yal,y al
yalgunos,y algunos
yaunlos,y aun los
ycomolas,y como las
yquándo,y cuando
y-cultivo,y cultivo
yde,y de
ydemás,y demas
y'el,y el
yelevadas,y elevadas
y.emamerica,y en america
y.-escasez-de,y escasez de
yescuelas,y escuelas
ygran=,y gran
yha,y ha
yhospedar,y hospedar
yincluyeen,y incluye en
yiramericanas,y ir americanas
yla,y la
yja.naturaleza,y la naturaleza
ylo-america,y lo america
ymerezcamos,y merezcamos
y.monte,y monte
ymontenegro,y montenegro
y.montes,y montes
ymontefes,y monteses
y-montevideo,y montevideo
ymultiplicadasacciones,y multiplicadas acciones
ynaturaleza,y naturaleza
y-naturaleza,y naturaleza
yotrosquandodeshojanlosprimeros,y otros cuando deshojan los primeros
yque,y que
yrara,y rara
yfalud,y salud
yseguian,y seguian
yfeisbarriles,y seis barriles
ysiempre,y siempre
ysin,y sin
ysus,y sus
yanaturaleza,ya naturaleza
yafea,ya sea
yaenaturaleza,yae naturaleza
yenaturaleza,ye naturaleza
hierba,yerba
yilaamerica,yi la america
yo.cultivo,yo cultivo
yrconservacion,yr conservacion
¿ha-|naturaleza,¿ha naturaleza
¿sitnaturaleza,¿sit naturaleza
íanaturaleza,ía naturaleza
